[{"type_of_monetary_policy": "ease", "inflation_target": "inrange", "policy_rate": 1.4655172413793103, "neer": 89.33, "money_supply": 5508.43}, {"type_of_monetary_policy": "ease", "inflation_target": "outrrange", "policy_rate": 1.4166666666666667, "neer": 98.01, "money_supply": 11522.46}, {"type_of_monetary_policy": "tight", "inflation_target": "inrange", "policy_rate": 2.75, "neer": 101.4, "money_supply": 18116.45}, {"type_of_monetary_policy": "tight", "inflation_target": "outrrange", "policy_rate": 3.108695652173913, "neer": 95.97, "money_supply": 20305.35}]